"","Site","Treatment","Plot","plot_mean_Cover","plot_mean_ANPP","n_quadrats","Root_mass_upper_Can","Root_mass_upper_IC","Root_mass_lower_Can","Root_mass_lower_IC","Root_mass_Can","Root_mass_IC","Root_mass_Can_gm2","Root_mass_IC_gm2","Root_mass_Can_gm2_weighted","Root_mass_IC_gm2_weighted","Root_mass_total_gm2","root_to_ANPP","SiteOrder","TreatmentOrder"
"1","ANT","Ctrl",3,19.925,59.878395,2,0.6942,0.3581,0.5855,0.1257,1.2797,0.4838,332.523677890651,125.713022867467,66.2553428197122,100.664703061124,166.920045880836,2.78765063560632,"Desert Grassland","Ambient"
"2","ANT","Ctrl",7,15.1,50.76678,1,0.2442,0.5726,0.1427,0.2992,0.3869,0.8718,100.534039990539,226.532892384988,15.1806400385714,192.326425634855,207.507065673426,4.08745769720724,"Desert Grassland","Ambient"
"3","ANT","Ctrl",8,20.975,65.7786525,2,0.341,0.3059,0.2598,0.1021,0.6008,0.408,156.114890737441,106.016770008116,32.7450983321782,83.7797524989134,116.524850831092,1.77146910741432,"Desert Grassland","Ambient"
"4","ANT","Ctrl",10,24.67,69.21296,2,0.0881,0.1105,NA,0.2136,NA,0.3241,NA,84.2157724500742,NA,63.4397413866409,NA,NA,"Desert Grassland","Ambient"
"5","ANT","Exl",4,10.705,32.20064,2,2.6564,0.066,0.326,0.152,2.9824,0.218,774.961801157363,56.6462153474735,82.9596608138957,50.5822379945265,133.541898808422,4.14718150969739,"Desert Grassland","Exclusion"
"6","ANT","Exl",6,4.125,11.3945975,2,0.4375,0.2968,0.2516,0.0836,0.6891,0.3804,179.059206403413,98.845047331096,7.38619226414078,94.7676891286883,102.153881392829,8.96511538848381,"Desert Grassland","Exclusion"
"7","ANT","Exl",9,6.005,16.132315,2,0.2001,0.0853,0.8554,0.3524,1.0555,0.4377,274.266423391093,113.734167236648,16.4696987246352,106.904430494087,123.374129218722,7.64763948749587,"Desert Grassland","Exclusion"
"8","ANT","Exl",12,6.65,18.9607525,2,0.564,0.1103,0.568,0.0766,1.132,0.1869,294.144567767615,48.5650350846,19.5606137565464,45.3354602514741,64.8960740080205,3.42265287245432,"Desert Grassland","Exclusion"
"9","ANT","Add",1,20.305,60.238155,2,0.3161,NA,3.1295,0.0445,3.4456,NA,895.322016519518,NA,181.795135454288,NA,NA,NA,"Desert Grassland","Addition"
"10","ANT","Add",2,51.1,107.404995,2,1.3275,0.1085,0.2782,0.0977,1.6057,0.2062,417.233155887331,53.5800440580231,213.206142658426,26.2006415443733,239.4067842028,2.22900977931985,"Desert Grassland","Addition"
"11","ANT","Add",5,23.05,72.5806,2,0.23,0.2832,0.0873,0.0756,0.3173,0.3588,82.4488262832723,93.2323948012546,19.0044544582943,71.7423277995654,90.7467822578597,1.25028977795526,"Desert Grassland","Addition"
"12","ANT","Add",11,24.25,73.31556,2,0.7162,0.4121,0.4079,0.1389,1.1241,0.551,292.09179207383,143.174608515862,70.8322595779038,108.454765950766,179.287025528669,2.44541575524581,"Desert Grassland","Addition"
"13","ARB","Ctrl",2,50.595,120.4940665,2,0.382,0.3696,1.5113,0.6432,1.8933,1.0128,491.964584942072,263.171040843675,248.909481751441,130.019652728818,378.929134480259,3.14479497196037,"Ponderosa Pine Meadow","Ambient"
"14","ARB","Ctrl",5,43.425,95.0892995,2,0.2032,0.1098,1.4923,0.216,1.6955,0.3258,440.567239090098,84.6575089917747,191.316323574875,47.8949857120965,239.211309286972,2.51564908506842,"Ponderosa Pine Meadow","Ambient"
"15","ARB","Ctrl",6,35.7,80.3174975,2,0.4551,0.4506,2.3868,0.6279,2.8419,1.0785,738.453575210941,280.242858955276,263.627926350306,180.196158308243,443.824084658548,5.52587043263578,"Ponderosa Pine Meadow","Ambient"
"16","ARB","Ctrl",11,39.725,114.19751,2,0.8576,0.6312,0.5055,0.5141,1.3631,1.1453,354.194752936427,297.60050659386,140.703865603996,179.378705349449,320.082570953445,2.80288572801145,"Ponderosa Pine Meadow","Ambient"
"17","ARB","Exl",1,25.65,51.3385025,2,0.2748,0.4927,0.6552,0.2285,0.93,0.7212,241.655872812616,187.400231690816,61.9847313764361,139.332072262122,201.316803638558,3.92136104161897,"Ponderosa Pine Meadow","Exclusion"
"18","ARB","Exl",4,20.275,44.44776,2,0.1174,0.251,0.6005,0.3843,0.7179,0.6353,186.542743109868,165.079544083715,37.8215411655258,131.609666520742,169.431207686268,3.81191780387286,"Ponderosa Pine Meadow","Exclusion"
"19","ARB","Exl",7,18.975,49.7884525,2,1.1555,0.184,0.8299,0.2269,1.9854,0.4109,515.896311701257,106.770320579252,97.8913251453135,86.5106522493387,184.401977394652,3.7037097586966,"Ponderosa Pine Meadow","Exclusion"
"20","ARB","Exl",10,22.825,52.8228075,2,0.4395,0.4729,0.3617,0.1132,0.8012,0.5861,208.187833653192,152.295168876854,47.518873031341,117.533796580712,165.052669612053,3.12464780695447,"Ponderosa Pine Meadow","Exclusion"
"21","ARB","Add",3,43.515,99.4170115,2,0.2297,0.4177,0.5996,0.1104,0.8293,0.5281,215.489478842476,137.224157454132,93.7702467183035,77.5110653379665,171.28131205627,1.72285717979231,"Ponderosa Pine Meadow","Addition"
"22","ARB","Add",8,40.36,104.348711,2,0.5136,0.3226,0.4341,0.4756,0.9477,0.7982,246.255129746792,207.408298579603,99.3885703658053,123.698309272875,223.08687963868,2.13789779960655,"Ponderosa Pine Meadow","Addition"
"23","ARB","Add",9,47.175,111.7169,2,0.8721,0.1697,1.2442,0.5652,2.1163,0.7349,549.910025412194,190.960108526873,259.420054488202,100.874677329321,360.294731817523,3.2250691866452,"Ponderosa Pine Meadow","Addition"
"24","ARB","Add",12,47.095,104.942622,2,1.7205,0.8059,0.9857,0.7119,2.7062,1.5178,703.192605382261,394.392778231171,331.168557504776,208.653499323201,539.822056827977,5.14397340699165,"Ponderosa Pine Meadow","Addition"
"25","BC","Ctrl",2,32.8,70.0130525,2,0.5795,0.2412,1.8224,0.3587,2.4019,0.5999,624.121764417875,155.881030215364,204.711938729063,104.752052304725,309.463991033788,4.42008996870673,"Juniper Savanna","Ambient"
"26","BC","Ctrl",3,11.125,21.6620175,2,0.8231,0.2082,0.4685,0.3949,1.2916,0.6031,335.615833682554,156.712534293859,37.3372614971842,139.278264853667,176.615526350851,8.15323532772751,"Juniper Savanna","Ambient"
"27","BC","Ctrl",5,12.775,22.3554675,2,0.5598,0.4373,0.388,1.1811,0.9478,1.6184,246.281114249245,420.533187698859,31.4624123453411,366.810072970329,398.27248531567,17.8154397941206,"Juniper Savanna","Ambient"
"28","BC","Ctrl",7,10.5,17.02353,2,0.5014,0.5974,0.2203,1.0409,0.7217,1.6383,187.530154203081,425.704103687,19.6906661913235,381.005172799865,400.695838991188,23.5377644349432,"Juniper Savanna","Ambient"
"29","BC","Exl",4,6.445,15.3769295,2,0.3514,0.2786,0.5079,0.4316,0.8593,0.7102,223.284829578367,184.54193642099,14.3907072663258,172.648208618657,187.038915884982,12.1636062573469,"Juniper Savanna","Exclusion"
"30","BC","Exl",8,5.08,11.184953,2,0.4779,0.3265,0.3206,0.3678,0.7985,0.6943,207.486252086962,180.410400530967,10.5403016060176,171.245552183994,181.785853790012,16.2527150351022,"Juniper Savanna","Exclusion"
"31","BC","Exl",10,7.005,17.0809855,2,0.7,0.4445,0.3369,0.1604,1.0369,0.6049,269.433305934841,157.180255338013,18.8738030807356,146.169778451585,165.04358153232,9.66241564529871,"Juniper Savanna","Exclusion"
"32","BC","Exl",12,4.69,11.4980465,2,0.3904,0.6467,0.3576,0.4679,0.748,1.1146,194.364078348212,289.623264340798,9.11567527453114,276.039933243215,285.155608517746,24.8003526962381,"Juniper Savanna","Exclusion"
"33","BC","Add",1,23.28,40.0475755,2,0.9277,0.5628,1.1402,0.3387,2.0679,0.9015,537.333526224957,234.25028961352,125.09124490517,179.716822191493,304.808067096663,7.61114907184987,"Juniper Savanna","Addition"
"34","BC","Add",6,31.32,47.836067,2,NA,0.4234,0.2036,0.3544,NA,0.7778,NA,202.107460079197,NA,138.807403582392,NA,NA,"Juniper Savanna","Addition"
"35","BC","Add",9,24.5,42.55825,2,0.9453,0.5905,0.794,0.3864,1.7393,0.9769,451.948451164499,253.842604463059,110.727370535302,191.65116636961,302.378536904912,7.10505100432729,"Juniper Savanna","Addition"
"36","BC","Add",11,36.25,63.548085,2,0.7507,NA,0.3216,0.3031,1.0723,NA,278.631819803192,NA,101.004034678657,NA,NA,NA,"Juniper Savanna","Addition"
"37","BP","Ctrl",3,12,52.945225,2,0.9804,0.1351,3.5285,0.3253,4.5089,0.4604,1171.61523110194,119.632649293472,140.593827732233,105.276731378255,245.870559110488,4.64386654529258,"Desert Scrub","Ambient"
"38","BP","Ctrl",5,14.375,68.332325,2,0.6892,0.0689,0.9319,0.3567,1.6211,0.4256,421.234769265089,110.590042439838,60.5524980818565,94.6927238391115,155.245221920968,2.27191482100116,"Desert Scrub","Ambient"
"39","BP","Ctrl",6,9.25,42.416575,2,1.1515,0.3774,0.3593,0.3867,1.5108,0.7641,392.573863059463,198.54758324314,36.3130823330004,180.18193179315,216.49501412615,5.10401922187612,"Desert Scrub","Ambient"
"40","BP","Ctrl",8,6.625,32.6421625,2,1.0216,0.8084,0.7551,0.6142,1.7767,1.4226,461.666655081909,369.655531895944,30.5854158991765,345.165852907838,375.751268807014,11.5112247482689,"Desert Scrub","Ambient"
"41","BP","Exl",1,6.05,28.57297,2,0.1932,0.0308,0.607,0.2186,0.8002,0.2494,207.927988628662,64.805349117706,12.5796433120341,60.8846254960847,73.4642688081188,2.57111069686206,"Desert Scrub","Exclusion"
"42","BP","Exl",2,6.5,32.1917625,2,0.2712,0.0489,0.5923,0.0721,0.8635,0.121,224.376178681392,31.4412479680931,14.5844516142905,29.3975668501671,43.9820184644575,1.36625071287903,"Desert Scrub","Exclusion"
"43","BP","Exl",4,6.025,26.9737725,2,0.5133,0.0123,2.015,0.1325,2.5283,0.1448,656.966175518428,37.6255595518999,39.5822120749853,35.3586195888979,74.9408316638832,2.77828515324963,"Desert Scrub","Exclusion"
"44","BP","Exl",7,7.05,44.0172825,2,0.4001,0.0374,0.6857,0.1519,1.0858,0.1893,282.139727634343,49.1886631434713,19.8908507982212,45.7208623918566,65.6117131900778,1.4905898198072,"Desert Scrub","Exclusion"
"45","BP","Add",9,13.05,57.2654,2,0.6831,0.1717,0.5503,0.6229,1.2334,0.7946,320.492853254926,206.472856491296,41.8243173497678,179.528148719182,221.35246606895,3.86537885126009,"Desert Scrub","Addition"
"46","BP","Add",10,17.25,73.4014,2,0.7224,0.092,0.3079,0.1559,1.0303,0.2479,267.718328772945,64.4155815809114,46.181411713333,53.3038937582042,99.4853054715372,1.35535978157824,"Desert Scrub","Addition"
"47","BP","Add",11,10,55.402525,2,0.3854,0.1669,2.6527,0.2059,3.0381,0.3728,789.435169023667,96.8702251446704,78.9435169023667,87.1832026302033,166.12671953257,2.99854058154516,"Desert Scrub","Addition"
"48","BP","Add",12,12.85,57.186665,2,0.2298,0.0249,0.5051,0.0816,0.7349,0.1065,190.960108526873,27.6734951124125,24.5383739457032,24.1174509904675,48.6558249361707,0.85082466229095,"Desert Scrub","Addition"
"49","CC","Ctrl",1,74.975,140.5590875,2,0.8034,0.3859,0.5102,0.4447,1.3136,0.8306,341.332424222208,215.827277374365,255.9139850606,54.0107761629348,309.924761223535,2.2049428943791,"Mixed Conifer Meadow","Ambient"
"50","CC","Ctrl",3,88.375,206.3783375,2,3.156,1.8802,0.8422,1.6078,3.9982,3.488,1038.91237707463,906.339445559577,918.138813239702,105.361960546301,1023.500773786,4.95934208107478,"Mixed Conifer Meadow","Ambient"
"51","CC","Ctrl",7,57,131.81994,2,1.2761,0.4002,1.5691,1.7378,2.8452,2.138,739.311063791889,555.548662444488,421.407306361377,238.88592485113,660.293231212506,5.00905425395055,"Mixed Conifer Meadow","Ambient"
"52","CC","Ctrl",12,86.15,195.7156775,2,0.6591,0.6122,0.2776,0.1879,0.9367,0.8001,243.396834476965,207.902004126209,209.686372901906,28.79442757148,238.480800473386,1.21850637373384,"Mixed Conifer Meadow","Ambient"
"53","CC","Exl",2,75.05,193.170145,2,0.1397,0.2053,0.6993,0.4516,0.839,0.6569,218.009975580414,170.692196613557,163.616486673101,42.5877030550824,206.204189728183,1.06747442638293,"Mixed Conifer Meadow","Exclusion"
"54","CC","Exl",5,60.75,136.4365525,2,NA,0.4228,2.0548,0.5363,NA,0.9591,NA,249.217363026431,NA,97.817814987874,NA,NA,"Mixed Conifer Meadow","Exclusion"
"55","CC","Exl",8,47.55,115.785655,2,0.2996,0.9388,NA,0.1882,NA,1.127,NA,292.845342644966,NA,153.597382217285,NA,NA,"Mixed Conifer Meadow","Exclusion"
"56","CC","Exl",10,63.325,142.61456,2,2.6586,0.4606,0.6122,0.6992,3.2708,1.1598,849.901106231727,301.36825944954,538.199875521241,110.526809153119,648.72668467436,4.54881103776753,"Mixed Conifer Meadow","Exclusion"
"57","CC","Add",4,62.775,176.6973,2,0.4166,0.3101,1.1809,0.3154,1.5975,0.6255,415.102426686188,162.533062843324,260.580548352255,60.5029326434275,321.083480995682,1.81713858104047,"Mixed Conifer Meadow","Addition"
"58","CC","Add",6,76.025,212.19554,2,0.0944,0.1879,0.4725,1.0082,0.5669,1.1961,147.306144405884,310.800633839968,111.989496284573,74.5144519631324,186.503948247706,0.878924921078482,"Mixed Conifer Meadow","Addition"
"59","CC","Add",9,71.975,190.7482925,2,0.5448,2.8466,0.5771,2.1893,1.1219,5.0359,291.520133019865,1308.55355902909,209.821615741048,366.722134917903,576.543750658951,3.0225368893352,"Mixed Conifer Meadow","Addition"
"60","CC","Add",11,65.825,178.4271275,2,0.5451,0.6109,0.4168,0.8785,0.9619,1.4894,249.944929095114,387.013179534528,164.526249576859,132.261754105925,296.788003682784,1.66335695609281,"Mixed Conifer Meadow","Addition"
